{
    "name": [
    "I don’t have a name, but I’m here to assist you!",
    "I’m just a friendly chatbot here to help.",
    "I don’t have a name, but you can call me anything you like.",
    "I’m nameless, but that’s not important—how can I help?",
    "I don’t have a specific name, but I’m always here to chat!",
    "I’m just an assistant, no name needed!"
],
    "greetings": [
        "Hey there! How can I assist you today?",
        "Hello! What’s on your mind?",
        "Hi there! How can I help you today?",
        "Hello, friend! What can I do for you?",
        "Hey! How’s it going?",
        "Hi! What can I help you with today?",
        "Greetings! How can I assist?"
    ],
    "quizzes": [
    {
        "question": "What is 2 + 2?",
        "answer": "4"
    },
    {
        "question": "What is the capital of France?",
        "answer": "Paris"
    },
    {
        "question": "Who wrote 'Romeo and Juliet'?",
        "answer": "William Shakespeare"
    },
    {
        "question": "What is the largest planet in our solar system?",
        "answer": "Jupiter"
    },
    {
        "question": "What is the square root of 16?",
        "answer": "4"
    },
    {
        "question": "What color is the sky on a clear day?",
        "answer": "Blue"
    },
    {
        "question": "What is the currency of the United States?",
        "answer": "Dollar"
    },
    {
        "question": "How many continents are there?",
        "answer": "7"
    },
    {
        "question": "What is the smallest country in the world?",
        "answer": "Vatican City"
    },
    {
        "question": "Which planet is known as the Red Planet?",
        "answer": "Mars"
    }
]

}